timestamp_ms,voltage_v,current_a,speed_rpm,stator_temp_c,ambient_temp_c,power_w
0,98.20,5.50,2200,35.00,32.0,540.1
500,97.50,18.20,3400,35.50,32.0,1774.5
1000,96.80,32.40,4600,36.80,32.0,3136.3
1500,95.90,45.60,5400,39.00,32.0,4373.0
2000,95.10,54.80,6100,42.20,32.0,5211.5
2500,94.50,59.20,6600,46.50,32.0,5594.4
3000,94.00,62.00,6900,51.80,32.0,5828.0
3500,93.80,63.40,7050,57.90,32.0,5946.9
4000,93.60,64.00,7100,64.80,32.0,5990.4
4500,93.50,64.20,7150,72.20,32.0,6002.7
5000,93.50,64.00,7180,80.00,32.0,5984.0
5500,93.40,64.50,7200,88.10,32.0,6024.3
6000,93.40,64.20,7220,96.30,32.0,5996.3
6500,93.50,63.80,7200,104.50,32.0,5965.3
7000,93.60,63.20,7180,112.40,32.0,5915.5
7500,93.80,62.50,7150,119.80,32.0,5862.5
8000,94.20,58.00,7000,126.50,32.0,5463.6
8500,94.80,48.00,6600,131.20,32.0,4550.4
9000,95.50,36.00,6000,133.80,32.0,3438.0
9500,96.20,22.00,5100,134.50,32.0,2116.4
10000,97.00,10.50,3900,133.90,32.0,1018.5
